{
    "plddts": {
        "model_1_pred_0": 90.11082456804013,
        "model_2_pred_0": 89.61727157173698,
        "model_3_pred_0": 86.88898944637984,
        "model_4_pred_0": 89.18129288035895,
        "model_5_pred_0": 85.94354728141555
    },
    "order": [
        "model_1_pred_0",
        "model_2_pred_0",
        "model_4_pred_0",
        "model_3_pred_0",
        "model_5_pred_0"
    ]
}