{
    "features": 1404.5863978862762,
    "process_features_model_1_pred_0": 5.0214152336120605,
    "predict_and_compile_model_1_pred_0": 176.34301495552063,
    "process_features_model_2_pred_0": 1.609811544418335,
    "predict_and_compile_model_2_pred_0": 159.0598418712616,
    "process_features_model_3_pred_0": 1.3380091190338135,
    "predict_and_compile_model_3_pred_0": 137.41598987579346,
    "process_features_model_4_pred_0": 1.43585205078125,
    "predict_and_compile_model_4_pred_0": 135.1474471092224,
    "process_features_model_5_pred_0": 1.4838073253631592,
    "predict_and_compile_model_5_pred_0": 135.66241836547852,
    "relax_model_3_pred_0": 17.70319390296936,
    "relax_model_4_pred_0": 9.732490301132202,
    "relax_model_2_pred_0": 9.090833187103271,
    "relax_model_5_pred_0": 9.363263845443726,
    "relax_model_1_pred_0": 9.66692566871643
}