{
    "plddts": {
        "model_1_pred_0": 84.44931382940692,
        "model_2_pred_0": 80.0698824941049,
        "model_3_pred_0": 86.05385790760462,
        "model_4_pred_0": 83.96363518344033,
        "model_5_pred_0": 86.28471670028075
    },
    "order": [
        "model_5_pred_0",
        "model_3_pred_0",
        "model_1_pred_0",
        "model_4_pred_0",
        "model_2_pred_0"
    ]
}