{
    "plddts": {
        "model_1_pred_0": 85.2217102772116,
        "model_2_pred_0": 71.32735311593187,
        "model_3_pred_0": 82.77801670392094,
        "model_4_pred_0": 79.55064260034524,
        "model_5_pred_0": 71.9613807735482
    },
    "order": [
        "model_1_pred_0",
        "model_3_pred_0",
        "model_4_pred_0",
        "model_5_pred_0",
        "model_2_pred_0"
    ]
}